{"videos": {"_type": "video-file", "sha256": "aae83ed036cc4f712d3c25a7ddd5663c815a2e4120de25414333b8bbb281e89e", "size": 11057, "path": "media/videos/videos_10_aae83ed036cc4f712d3c.mp4"}, "_timestamp": 1672334590.2650826, "_runtime": 9, "_step": 12, "global_step": 1000, "rollout/ep_len_mean": 28.516128540039062, "rollout/ep_rew_mean": 0.011624032631516457, "time/fps": 203.0, "train/explained_variance": -187343.65625, "train/entropy_loss": -0.6871284246444702, "train/policy_loss": 0.11885695159435272, "train/learning_rate": 0.000699999975040555, "train/value_loss": 0.08446891605854034, "_wandb": {"runtime": 7}}