{"videos": {"_type": "video-file", "sha256": "2d4c223be6ca7ed4a8c3d447ac6d74767bcc79b5a0119ba01189ac53d29645c8", "size": 7631, "path": "media/videos/videos_10_2d4c223be6ca7ed4a8c3.mp4"}, "_timestamp": 1672334406.0392473, "_runtime": 8, "_step": 12, "global_step": 1000, "time/fps": 265.0, "rollout/ep_rew_mean": 0.0017518199747428298, "rollout/ep_len_mean": 2.9000000953674316, "train/policy_loss": 0.010473356582224369, "train/value_loss": 0.00018940585141535848, "train/learning_rate": 0.000699999975040555, "train/explained_variance": -593.5064697265625, "train/entropy_loss": -0.5225995182991028, "_wandb": {"runtime": 6}}