{"videos": {"_type": "video-file", "sha256": "333e1b90c60c64ba4aace2568d02b21b5b6955e0c631c3ca16a2d68ec99789e6", "size": 8636, "path": "media/videos/videos_10_333e1b90c60c64ba4aac.mp4"}, "_timestamp": 1672334689.926396, "_runtime": 8, "_step": 12, "global_step": 1000, "time/fps": 186.0, "rollout/ep_rew_mean": 0.008436488918960094, "rollout/ep_len_mean": 21.711111068725586, "train/policy_loss": 0.0321209616959095, "train/value_loss": 0.010801662690937519, "train/learning_rate": 0.000699999975040555, "train/explained_variance": -6084.61083984375, "train/entropy_loss": -0.6541354060173035, "_wandb": {"runtime": 7}}