{"videos": {"_type": "video-file", "sha256": "e4afdaa88ec2c9c575d8c5a723ea8dd381786a37e53c414bd454a9d94df367af", "size": 19516, "path": "media/videos/videos_10_e4afdaa88ec2c9c575d8.mp4"}, "_timestamp": 1672335404.311545, "_runtime": 234, "_step": 12, "global_step": 1000, "rollout/ep_len_mean": 87.83333587646484, "rollout/ep_rew_mean": 133.14730834960938, "time/fps": 4.0, "train/learning_rate": 0.000699999975040555, "train/explained_variance": -0.0050879716873168945, "train/entropy_loss": -0.6363690495491028, "train/value_loss": 10.601435661315918, "train/policy_loss": 1.212658166885376, "_wandb": {"runtime": 232}}