{"videos": {"_type": "video-file", "sha256": "6d6c9ece3c5c06180091bbdcc39b17c31c9bb741b6ade9d1ed51b82e98262a0d", "size": 8964, "path": "media/videos/videos_10_6d6c9ece3c5c06180091.mp4"}, "_timestamp": 1672334346.2494571, "_runtime": 8, "_step": 12, "global_step": 1000, "rollout/ep_len_mean": 2.7100000381469727, "time/fps": 293.0, "train/explained_variance": -100.95185852050781, "rollout/ep_rew_mean": 0.0016360899899154902, "train/entropy_loss": -0.6044087409973145, "train/policy_loss": -0.020053323358297348, "train/value_loss": 0.0074316090904176235, "train/learning_rate": 0.000699999975040555, "_wandb": {"runtime": 6}}