{
    "scores": [
        0.0030864197530864196,
        0.19444444444444442,
        0.0030864197530864196,
        0.23928723468953353,
        0.0030864197530864196,
        0.0030864197530864196,
        0.0030864197530864196,
        0.0030864197530864196,
        0.0030864197530864196,
        0.19135802469135801,
        0.37071303198383254,
        0.4171900897812361,
        0.0030864197530864196,
        0.0030864197530864196,
        0.0030864197530864196,
        0.1882716049382716,
        0.0030864197530864196,
        0.0
    ],
    "returns": [
        0.0,
        12.949471627423389,
        0.0,
        54.38367956836845,
        0.0,
        0.0,
        0.0,
        0.0,
        0.0,
        28.102651643648603,
        13.614242986871902,
        0.9276013541785144,
        0.0,
        0.0,
        0.0,
        19.568401058168508,
        0.0,
        0.0
    ],
    "eps_lengths": [
        1,
        14,
        1,
        68,
        1,
        1,
        1,
        1,
        1,
        11,
        178,
        206,
        1,
        1,
        1,
        10,
        1,
        1
    ]
}